gcode;Type of Firm;company_name;Response_Code;ReferenceNo;Unique_Ref_Number;Transaction_Date;c_bp_number;landline_no1;mobile_no;sales_order_no;region_id;Issued Membership Certificate;
"G28070";"Proprietory";"natwar gems";"E000";"9451141";"20040165686059";"2020-04-01";"7000006982";"22-3456568";"9869727396";" 3100007589";"HO-MUM (M)";"N";
"G28760";"Proprietory";"NARAYANMUNI GEMS";"E000";"6694732";"20040165686291";"2020-04-01";"7000001461";"22-23456568";"9969823734";" 3100007588";"HO-MUM (M)";"N";
"G25432";"Proprietory";"JARVI JEWELS";"E000";"6122094";"20040165686584";"01-04-2020 12:12:23";"7000011710";"22-23876167";"9819896475";" 3100007590";"HO-MUM (M)";"N";
"G14169";"Partnership";"RITESH EXPORT";"E000";"1185200";"20040165687460";"2020-04-01";"7000012543";"22-42873999";"9820554408";" 3100007592";"HO-MUM (M)";"N";
"G07807";"Proprietory";"KALINGA JEWELLERS";"E000";"1246339";"20040165693310";"2020-04-01";"7000005642";"22-22414757/22442588";"9930403811";" 3100007591";"HO-MUM (M)";"N";
"";"Partnership";"CAST TECH INTERNATIONAL";"E000";"6253655";"20041566113039";"2020-04-15";"7000049695";"+919427965466";"9427965466";" 3100007595";"HO-MUM (M)";"N";
"";"Proprietory";"IMPERIAL GOLD CAST";"E000";"9561601";"20042366380979";"23-04-2020 19:35:39";"7000049692";"9920931368";"9920931368";"";"HO-MUM (M)";"N";
"G25235";"Proprietory";"R. J. DIAM";"E000";"KKBK201195059353";"";"2020-04-28";"7000000576";"23668089";"9820046978";" 3100007594";"HO-MUM (M)";"Y";
"";"Proprietory";"PARSHWADARSHAN JEWELS";"E000";"4300153";"20050666779516";"2020-05-06";"7000049706";"0000000000000000";"+919320808627";" 3100007863";"HO-MUM (M)";"N";
"G16830";"Proprietory";"SOLID GOLD";"E000";"6338499";"20050866847717";"2020-05-08";"7000015741";"22-22410044";"9821107447";" 3100007663";"HO-MUM (M)";"N";
"G24402";"Private Ltd";"PIERCING SYSTEMS INDIA PVT.";"E000";"5783482";"20050466699423";"2020-05-04";"7000009270";"22-40243611";"9769358975";" 3100007625";"HO-MUM (M)";"N";
"G08301";"Private Ltd";"KHUSHALI JEWELS (P) LIMITED";"E000";"4785845";"20050466719424";"2020-05-04";"7000006399";"22-22411001/22411002";"9820771529";" 3100007626";"HO-MUM (M)";"N";
"G09272";"Proprietory";"M.R. GOLD";"E000";"9991118";"20050566739239";"2020-05-05";"7000007990";"22-22442500/22442500";"9820430635";" 3100007627";"HO-MUM (M)";"N";
"";"Proprietory";"KWEBMAKER PVT LIMITED";"E000";"9751819";"";"1970-01-01";"6000000";"022849494";"8894849498";"";"HO-MUM (M)";"Y";
"G07168";"Proprietory";"JET GEMS";"E000";"1845151";"20050566751149";"2020-05-08";"7000004745";"22-26442955/2966";"9820075538";" 3100007662";"HO-MUM (M)";"N";
"G25169";"Proprietory";"SPARK JEWELS";"E000";"3140782";"20050666782093";"06-05-2020 18:25:50";"7000000499";"22-22412666";"9819531198";" 3100007629";"HO-MUM (M)";"N";
"G16418";"Proprietory";"SHUBH GOLD";"E000";"3351854";"20050866847796";"08-05-2020 18:15:52";"7000015607";"22-22412666";"9820577028";" 3100007664";"HO-MUM (M)";"N";
"G28050";"Proprietory";"VAMA FINE JEWELS";"E000";"79404";"20050666787180";"2020-05-06";"7000006717";"22-22424301";"9819465055";" 3100007630";"HO-MUM (M)";"N";
"";"Proprietory";"ANANT LAXMI DIEMAKERS";"E000";"7819298";"7819298";"2020-04-13";"7000049697";"9773101799";"9773101799";" 3100007596";"HO-MUM (M)";"N";
"G26992";"Proprietory";"Bhairav Gold";"E000";"1302526";"20050666788059";"2020-05-06";"7000002195";"22-3352702/33524674";"9821726186";" 3100007631";"HO-MUM (M)";"N";
"G25924";"Partnership";"LAL GEMS";"E000";"3613879";"20050766795649";"2020-05-07";"7000013202";"22-23400177/23400188";"9821092809";" 3100007632";"HO-MUM (M)";"N";
"G28924";"Proprietory";"TULSI JEWELLERS";"E000";"9262766";"20050766797088";"2020-05-07";"7000002280";"22-23440930";"9820161437";" 3100007657";"HO-MUM (M)";"N";
"G26988";"Proprietory";"MAHARAJA CHAINS";"E000";"2908718";"";"2020-05-10";"7000002178";"22-23431213";"9820122493";" 3100007681";"HO-MUM (M)";"N";
"G12327";"Private Ltd";"PLATINUM GUILD INDIA PVT. LTD.";"E000";"1700703";"20050766796528";"2020-05-07";"7000010507";"22-26400322/23/25";"9820565598";" 3100007656";"HO-MUM (M)";"N";
"G30306";"Proprietory";"Ratan cast";"E000";"1185975";"20050766801430";"2020-05-07";"7000007744";"22-22416225";"9821566225";" 3100007658";"HO-MUM (M)";"N";
"G29255";"Private Ltd";"M.R.GOLD PVT. LTD.";"E000";"243359";"20050766798629";"2020-05-07";"7000003321";"022-61832500";"9820430635";" 3100007628";"HO-MUM (M)";"N";
"G17226";"Private Ltd";"SUBIR DIAMONDS PVT. LTD.";"E000";"9499068";"20050766804939";"2020-05-07";"7000015891";"22-42106999/66346782";"9820036193";" 3100007659";"HO-MUM (M)";"N";
"G25301";"Partnership";"R.K. DIAMONDS";"E000";"10946";"20050766810572";"2020-05-07";"7000011338";"22-23639028";"9820223654";" 3100007660";"HO-MUM (M)";"N";
"G27260";"Proprietory";"K.V. JEWELLERS";"E000";"1420656";"20050766817838";"2020-05-07";"7000003903";"22-22425730";"9820228168";" 3100007661";"HO-MUM (M)";"N";
"G08890";"Private Ltd";"LAXMI DIA JEWEL PVT. LTD.";"E000";"2458432";"ICL0050866835884";"2020-05-11";"7000007478";"22-61503333/61503302";"9833452324";" 3100007721";"HO-MUM (M)";"Y";
"";"Proprietory";"INFINITY JEWELLERY & BULLION";"E000";"653077";"20050866844093";"2020-05-08";"7000049707";"08040977196";"9844493539";" 3100007668";"HO-MUM (M)";"N";
"";"Private Ltd";"BLUESTONE JEWELLERY & LIFESTYLE PVT. LTD.";"E000";"3777487";"20050966884069";"2020-05-09";"7000037966";"02240397734";"9619516925";" 3100007676";"HO-MUM (M)";"N";
"G30753";"Partnership";"ADANI & CO";"E000";"4016164";"20051967204118";"19-05-2020 17:32:45";"7000011631";"22-26171345";"9820587565";" 3100007830";"HO-MUM (M)";"Y";
"G02649";"Proprietory";"CARATI CREATION CO.";"E000";"8542723";"20050866848476";"2020-05-08";"7000014745";"22-28010567";"9820033480";" 3100007665";"HO-MUM (M)";"N";
"G15375";"Proprietory HUF";"SATYAM GOLD";"E000";"5410669";"20050866854512";"08-05-2020 22:30:50";"7000015276";"22-23451493";"9819827731";" 3100007666";"HO-MUM (M)";"N";
"G25741";"Partnership";"IRA JEWELS";"E000";"9773318";"20050966855560";"2020-05-09";"7000012634";"022-23405952";"9820354367";" 3100007671";"HO-MUM (M)";"N";
"G29943";"Partnership";"Davico Enterprise LLP";"E000";"3247041";"ICL0051266955360";"15.5.2020";"7000006177";"22-26754500";"9820033855";" 3100007755";"HO-MUM (M)";"Y";
"G06971";"Partnership";"JANUPAM BROTHERS";"E000";"8522596";"20050966886719";"2020-05-09";"7000004617";"22-23634021/23684064";"9820022304";" 3100007677";"HO-MUM (M)";"N";
"G24893";"Proprietory";"SKY JEWELS";"E000";"4554456";"20050966866550";"2020-05-09";"7000010916";"22-22433000";"9820186554";" 3100007672";"HO-MUM (M)";"N";
"G13766";"Private Ltd";"RAPAPORT INDIA PVT. LTD.";"E000";"8418605";"20051166927054";"11-05-2020 14:18:32";"7000012079";"22-66286500";"9867259995";" 3100007726";"HO-MUM (M)";"Y";
"G08206";"Partnership";"KESHAVLAL DALPATBHAI ZAVERI & CO";"E000";"1699075";"20050966868193";"2020-05-09";"7000006281";"22-23634420/23611339";"9833043773";" 3100007673";"HO-MUM (M)";"N";
"G29782";"Proprietory HUF";"RIKHAVDAS TEJMAL SHAH HUF";"E000";"9453443";"20051066893096";"2020-05-10";"7000005264";"44-220826";"9060644444";" 3100007683";"HO-MUM (M)";"N";
"G23312";"Proprietory";"SOHAM CREATIONS";"E000";"1956966";"20050966875133";"2020-05-09";"7000017137";"22-22420843/22426565";"9322230155";" 3100007674";"HO-MUM (M)";"N";
"";"Proprietory";"ARHAM CHAINS";"E000";"5283319";"20050966882341";"2020-05-09";"7000026622";"";"9820023933";" 3100007675";"HO-MUM (M)";"N";
"";"Private Ltd";"RTSHAH JEWELLERS PVT. LTD.";"E000";"771545";"20051066892704";"2020-05-10";"7000035512";"02024442440";"8668241421";" 3100007682";"HO-MUM (M)";"N";
"G24833";"Proprietory";"FINE GOLD";"E000";"7571232";"20051166911018";"2020-05-11";"7000010722";"22-26876979";"9820167087";" 3100007722";"HO-MUM (M)";"Y";
"G05609";"Private Ltd";"GURJAR GEMS PVT. LTD.";"E000";"3579532";"20051166916850";"2020-05-11";"7000003050";"22-28215001/2";"9820236181";" 3100007724";"HO-MUM (M)";"Y";
"G25305";"Partnership";"ADAMAS";"E000";"3442223";"20051166920416";"11-05-2020 12:16:54";"7000011351";"22-23616696";"9820059988";" 3100007725";"HO-MUM (M)";"Y";
"G09725";"Private Ltd";"MANISH JEWELLERS PVT. LTD.";"E000";"8618472";"20051266944699";"12-05-2020 00:24:47";"7000008300";"22-22411346/23418929";"9820017224";" 3100007735";"HO-MUM (M)";"Y";
"G14673";"Partnership";"S.K. SETH JEWELLERS";"E000";"7008929";"20051266961759";"2020-05-12";"7000013218";"22-22402405";"9820068698";" 3100007727";"HO-MUM (M)";"Y";
"G30645";"Partnership";"Samta Jewels LLP";"E000";"1814225";"20051266964424";"12-05-2020 14:01:36";"7000009599";"22-22447799/33145251";"9321580793";" 3100007737";"HO-MUM (M)";"Y";
"";"Partnership";"SWAN DIAMOND JEWELLERY LLP";"E000";"422684";"422684";"2020-05-12";"7000038291";"02228350066";"9987062797";" 3100007731";"HO-MUM (M)";"Y";
"G29966";"Partnership";"motifs";"E000";"8938687";"20051266970940";"12-05-2020 16:39:19";"7000006229";"22-42291702";"7498056587";" 3100007738";"HO-MUM (M)";"Y";
"G30745";"Proprietory";"B G Platinum";"E000";"8980738";"20051266979683";"2020-05-12";"7000011570";"22-22449595";"9930877383";" 3100007739";"HO-MUM (M)";"Y";
"";"Proprietory";"GEE SAA";"E000";"1354046";"20051266980656";"12-05-2020 19:03:22";"7000044498";"8322431377";"9890049341";" 3100007740";"HO-MUM (M)";"Y";
"G24565";"Proprietory";"B. SONS";"E000";"4521469";"20051366992018";"2020-05-13";"7000009926";"22-22426860";"9820997012";" 3100007741";"HO-MUM (M)";"Y";
"";"Partnership";"ARIHANT JEWELLERS";"E000";"7861611";"7861611";"13.05.2020";"7000042606";"02562-238018";"9422286458";" 3100007742";"HO-MUM (M)";"Y";
"G07698";"Partnership";"K.P. INTERNATIONAL";"E000";"5776932";"20051867151984";"2020-05-18";"7000005565";"22-23869747";"9821049747";" 3100007799";"HO-MUM (M)";"Y";
"G30503";"Proprietory";"Bhagwati Impex";"E000";"7682336";"20051366999834";"2020-05-13";"7000008743";"22-66370252";"9320925925";" 3100007743";"HO-MUM (M)";"Y";
"G26246";"Private Ltd";"FOREVERMARK DIAMONDS PVT. LTD.";"E000";"1605547";"20051367000776";"2020-05-14 08:40:16.0";"7000026469";"22-67865555";"9810413805";" 3100007746";"HO-MUM (M)";"Y";
"";"Proprietory";"AASTHA DIAMONDS ";"E000";"3686520";"20051467039690";"2020-05-14";"7000037978";"23456696";"9323210118";" 3100007748";"HO-MUM (M)";"Y";
"";"Partnership";"RAPAPORT DIAMOND SERVICES INDIA LLP";"E000";"4563638";"20051367009047";"2020-05-13";"7000041005";"02616723300";"9769930061";" 3100007744";"HO-MUM (M)";"Y";
"G19597";"Partnership";"RIDDHI`S";"E000";"3252202";"20051367010045";"2020-05-13";"7000016773";"22-32957688";"9819994383";" 3100007745";"HO-MUM (M)";"Y";
"";"Partnership";"RAPAPORT LABORATORIES INDIA LLP";"E000";"4545467";"19052049830829";"2019-05-20 15:02:16.0";"7000047520";"02266286500";"9820680153";"";"HO-MUM (M)";"N";
"G24805";"Partnership";"SAMARTH DIAMOND";"E000";"6928851";"6928851";"19.05.2020";"7000010661";"22-23641588/23641590";"9167210151";" 3100007793";"HO-MUM (M)";"Y";
"G18324";"Private Ltd";"UMAA JEWELS PVT. LTD.";"E000";"9785803";"20051467038312";"2020-05-14 14:48:28.0";"7000016296";"22-24903535";"9820084469";" 3100007747";"HO-MUM (M)";"Y";
"G19127";"Proprietory";"VIPUL ARTS";"E000";"2695835";"20051467042070";"2020-05-14";"7000016608";"22-22181624/22182419";"9820402573";" 3100007749";"HO-MUM (M)";"Y";
"G16644";"Proprietory";"SILVER PALACE INTERNATIONAL";"E000";"2583123";"20051567087315";"15-05-2020 20:07:05";"7000015677";"22-26493009/26494361";"9821148923";" 3100007757";"HO-MUM (M)";"Y";
"G00544";"Proprietory";"AHINSA JEWELLERY MFG. CO.";"E000";"1954407";"20051467042679";"2020-05-14";"7000013857";"22-23695757";"9224650644";" 3100007750";"HO-MUM (M)";"Y";
"";"Proprietory";"PRINCE HERITAGE JEWELLERY";"E000";"9681664";"20051467050012";"14-05-2020 20:17:44";"7000046062";"22445500";"9769287443";" 3100007751";"HO-MUM (M)";"Y";
"G12720";"Partnership";"PRI EXPORTS";"E000";"6301477";"20051567061567";"15-05-2020 10:52:38";"7000010941";"22-26754451";"9920211005";" 3100007753";"HO-MUM (M)";"Y";
"G06007";"Partnership";"HEMCHAND MOHANLAL & COMPANY";"E000";"3494317";"20051567066776";"15-05-2020 12:24:06";"7000003617";"22-23620568/23636119";"9820380086";" 3100007754";"HO-MUM (M)";"Y";
"G15382";"Partnership";"SAUMIL DIAMOND";"E000";"7247692";"20051867169690";"2020-05-18";"7000015278";"22-23640027/23642873";"9820045847";" 3100007797";"HO-MUM (M)";"Y";
"G29067";"Proprietory";"Namisha Jewellery";"E000";"1781847";"20051567073267";"15-05-2020 13:31:21";"7000002535";"22-23428899";"9820998818";" 3100007752";"HO-MUM (M)";"Y";
"G29801";"Partnership";"Vama Jewels";"E000";"3459042";"20052067227005";"2020-05-20";"7000005327";"22-26130504";"8879479454";" 3100007842";"HO-MUM (M)";"Y";
"G26676";"Partnership";"SHANKHESHWAR JEWELLERS";"E000";"3126394";"3126394";"2020-05-15";"7000000947";"022-22415813";"9820063883";" 3100007756";"HO-MUM (M)";"Y";
"G19604";"Proprietory";"HREENKAR JEWELLERS";"E000";"3919291";"20052367313492";"23-05-2020 13:00:28";"7000016779";"22-23440024";"9820195499";"";"HO-MUM (M)";"N";
"G04361";"Partnership";"F. RIKEN & CO";"E000";"1852786";"20051667112219";"16-05-2020 18:08:07";"7000001588";"22-23874006/23645160";"9821485454";" 3100007758";"HO-MUM (M)";"Y";
"G31177";"Proprietory";"Shagun Jewellers";"E000";"3985327";"20051767138410";"17-05-2020 22:26:18";"7000013147";"22-61837588";"9320007742";" 3100007764";"HO-MUM (M)";"Y";
"G28582";"Proprietory";"Siddhivinayak gold";"E000";"4251534";"20051867150630";"18-05-2020 12:09:50";"7000000828";"022-22402195/022-61832195";"9820634444";" 3100007800";"HO-MUM (M)";"Y";
"G25031";"Proprietory";"ARIHANT JEWELLERS";"E000";"7828256";"20051867161157";"18-05-2020 14:34:24";"7000000200";"22-24703617";"9892026862";" 3100007765";"HO-MUM (M)";"Y";
"G24700";"Partnership";"V N K BANGLES";"E000";"1731314";"20051867162245";"18-05-2020 15:03:04";"7000010177";"22-62370946";"9820026696";" 3100007766";"HO-MUM (M)";"Y";
"G07305";"Partnership";"JEWELSMITH";"E000";"9132489";"20051867164385";"2020-05-18";"7000005341";"22-24901772/24901773";"9821098898";" 3100007798";"HO-MUM (M)";"Y";
"";"Partnership";"SHILPI JEWELS";"E000";"8898389";"20051867175093";"18-05-2020 18:55:54";"7000037922";"02240660700";"9819151541";" 3100007792";"HO-MUM (M)";"Y";
"G11765";"Partnership";"P N JHAVERI";"E000";"79040";"79040";"18.05.2020";"7000010200";"22-23619587/23637107";"9820157778";" 3100007791";"HO-MUM (M)";"Y";
"G03649";"Private Ltd";"DHARMESH JEWELLERS PVT. LTD.";"E000";"1177127";"20051967197861";"19-05-2020 14:01:30";"7000000743";"22-23432824/23434464";"9892494477";" 3100007824";"HO-MUM (M)";"Y";
"G24561";"Private Ltd";"D.J. GEMS PVT. LTD.";"E000";"8234909";"20051967198578";"19-05-2020 14:20:21";"7000009908";"22-23434464/2824";"9892150500";" 3100007827";"HO-MUM (M)";"Y";
"G17920";"Private Ltd";"TECHNOVISION ENGINEERING & SERVICES (I) PVT. LTD.";"E000";"4233648";"20051967201372";"2020-05-19 15:50:40.0";"7000016144";"22-26826912";"9930978247";" 3100007829";"HO-MUM (M)";"Y";
"G18505";"Partnership";"V. JAYANTILAL & COMPANY";"E000";"2158676";"20052167261500";"2020-05-21";"7000016385";"22-23690774/23686882";"9820215969";" 3100007877";"HO-MUM (M)";"N";
"G03713";"Partnership";"DIACROWN";"E000";"8534386";"20051967207471";"2020-05-19 20:27:12.0";"7000000835";"22-26754456/57";"9820986363";" 3100007832";"HO-MUM (M)";"Y";
"G25539";"Proprietory";"SHREE DARSHAN JEWELLERS";"E000";"4175275";"4175275";"19.05.2020";"7000012061";"22-22438783";"9324262408";" 3100007833";"HO-MUM (M)";"Y";
"";"Private Ltd";"ADASTRA JEWELRY PVT. LTD.";"E000";"7377853";"20052067214403";"20-05-2020 10:26:54";"7000027838";"02249738994";"9833223251";" 3100007838";"HO-MUM (M)";"Y";
"G09566";"Partnership";"MALI (INDIA) EXPORTS";"E000";"8466841";"20052067215211";"2020-05-20";"7000008126";"22-66352988";"9122201065";" 3100007839";"HO-MUM (M)";"Y";
"G25533";"Private Ltd";"UNIQUE CHAINS PVT. LTD.";"E000";"5948149";"20052067218174";"20-05-2020 11:53:43";"7000012034";"22-22420280";"9820086358";" 3100007840";"HO-MUM (M)";"Y";
"G18364";"Proprietory";"UNIQUE CHAINS";"E000";"4661209";"20052167240742";"2020-05-21";"7000016328";"22-22420280";"9820086358";" 3100007870";"HO-MUM (M)";"N";
"G27369";"Private Ltd";"ALLWIN JEWELLERS PRIVATE LIMITED";"E000";"2033019";"2033019";"2020-05-20";"7000004266";"22-23430385";"9820493223";" 3100007841";"HO-MUM (M)";"Y";
"G25661";"Private Ltd";"NAMOH ARIHANT CZ JWELLERS PVT. LTD.";"E000";"7840497";"7840497";"2020-05-20";"7000012348";"22-23468570";"9323877685";" 3100007843";"HO-MUM (M)";"Y";
"G30568";"Proprietory";"Arihant Gems N Jewels";"E000";"2338295";"2338295";"2020-05-20";"7000009143";"22-61835275";"9322338482";" 3100007844";"HO-MUM (M)";"Y";
"G07329";"Proprietory";"JHAVERI EXPORTS";"E000";"2451059";"20052167260360";"21-05-2020 16:51:31";"7000005348";"22-23636986/23684846";"9820026394";" 3100007876";"HO-MUM (M)";"N";
"G30156";"Proprietory";"Briana Jewels";"E000";"6498670";"6498670";"2020-05-21";"7000006979";"22-33927989";"9820093088";" 3100007871";"HO-MUM (M)";"N";
"";"Proprietory";"J.D. & CO";"E000";"1337854";"1337854";"21.05.2020";"7000030733";"02226863734";"9820232830";" 3100007872";"HO-MUM (M)";"N";
"";"Private Ltd";"ARIPLUTUS METALS PVT LTD";"E000";"9237084";"20052167257025";"21-05-2020 15:13:41";"7000038436";"02812291965";"9979877004";" 3100007874";"HO-MUM (M)";"N";
"";"Proprietory";"TRUDIVINE JEWELS";"E000";"2808253";"20052167256853";"21-05-2020 15:10:23";"7000044092";"023887454";"9664030781";" 3100007873";"HO-MUM (M)";"N";
"G19235";"Partnership";"VISHINDAS HOLARAM";"E000";"1717018";"ICL0052167259916";"2020-05-22";"7000016658";"22-40452020/26754040";"9867752544";" 3100007880";"HO-MUM (M)";"N";
"";"Public Ltd";"TAMBOLI ENTERPRISE LIMITED";"E000";"1090207";"20052167259239";"21-05-2020 16:16:53";"7000026558";"912782513170";"9825207651";" 3100007875";"HO-MUM (M)";"N";
"G28506";"Proprietory";"KOTHARI DIAMONDS & JEWELS";"E000";"3965380";"20052167268757";"21-05-2020 22:28:58";"7000008592";"22-32501999/40064041";"9881232295";" 3100007879";"HO-MUM (M)";"N";
"G25048";"Partnership";"KESHAVLAL DALPATBHAI ZAVERI & SONS";"E000";"3358093";"20052167262182";"21-05-2020 17:55:51";"7000000228";"22-23426331";"9820030168";" 3100007878";"HO-MUM (M)";"N";
"G00920";"Partnership";"AMRUT EXPORTS";"E000";"451899";"20052267275853";"22-05-2020 11:06:31";"7000017555";"22-42457710/2578770";"9930742413";"";"HO-MUM (M)";"N";
"G18827";"Partnership";"VEER GEMS";"E000";"1471625";"20052267278175";"22-05-2020 11:51:37";"7000016525";"22-23634754/61111000";"9892011610";"";"HO-MUM (M)";"N";
"";"Proprietory";"MIVAA SILVER";"E000";"3090086";"20052267277793";"22-05-2020 11:43:39";"7000026588";"22400925";"9819778817";"";"HO-MUM (M)";"N";
"G30221";"Proprietory";"SATGURU SPARKLES";"E000";"6428600";"20052267290526";"22-05-2020 15:50:54";"7000007386";"22-26166771";"9168017862";"";"HO-MUM (M)";"N";
"G28808";"Proprietory";"v u chains";"E000";"693469";"20052367315333";"23-05-2020 13:55:07";"7000001917";"22-23443287";"9820762286";"";"HO-MUM (M)";"N";
"G24421";"Proprietory";"SADHANA GOLD";"E000";"752403";"20052367319023";"23-05-2020 15:06:35";"7000009339";"22-23451748";"9892667749";"";"HO-MUM (M)";"N";
"G12423";"Partnership";"PRITAM JEWELS";"E000";"9564770";"20052367321026";"23-05-2020 16:29:16";"7000010652";"22-23428319/23473446";"9920307304";"";"HO-MUM (M)";"N";
"G26393";"Partnership";"SIROYA CHAMPALAL UTTAMCHAND";"E000";"5665689";"20052467338246";"24-05-2020 16:10:02";"7000015061";"22425723";"9821055702";"";"HO-MUM (M)";"N";
"G19198";"Partnership";"VISHAL ENTERPRISES";"E000";"5258930";"20052567350627";"25-05-2020 11:27:51";"7000016641";"22-40044646";"9323220500";"";"HO-MUM (M)";"N";
"G23508";"Private Ltd";"EURO CUBIC CREATIONS PVT. LTD.";"E000";"4424170";"20052567351149";"25-05-2020 11:43:13";"7000017276";"22-22438944";"9833977488";"";"HO-MUM (M)";"N";
"";"Partnership";"YANTRAA EXIM INDIA LLP";"E000";"9042172";"20052567359812";"25-05-2020 16:05:47";"7000049057";"02226375386";"9820322402";"";"HO-MUM (M)";"N";
"G25478";"Private Ltd";"MANSHAPURNA CHAINS PVT. LTD.";"E000";"1047656";"20052567363351";"25-05-2020 18:22:56";"7000011847";"22-23434774";"9821007661";"";"HO-MUM (M)";"N";
"G09781";"Partnership";"MANSHAPURNA CHAIN";"E000";"5876163";"20052567363463";"25-05-2020 18:27:34";"7000008321";"22-23434774/22417612";"9821007661";"";"HO-MUM (M)";"N";
"G14269";"Partnership";"ROSE GEMS";"E000";"8266243";"20052667375780";"26-05-2020 11:12:13";"7000012688";"22-23697752/51";"9820655956";"";"HO-MUM (M)";"N";
"";"Partnership";"ARAV JEWELS";"E000";"5875438";"20040165684641";"2020-04-01 10:34:03.0";"7000047492";"04042622803";"7337573356";" 3100007585";"RO-CHE";"Y";
"G28977";"Proprietory";"shree siddhi vinayak jewels";"E000";"243181";"20040165685382";"2020-04-01";"7000002372";"65555157";"9849750000";" 3100007586";"RO-CHE";"Y";
"G03111";"Proprietory";"VADILAL JEWELS";"E000";"1573601";"20040165693316";"2020-04-01";"7000000299";"44-32957799";"9840037617";" 3100007587";"RO-CHE";"Y";
"";"Partnership";"NITIN JEWELLERS";"E000";"5722714";"20051166925931";"11-05-2020 13:53:50";"7000045717";"9550894422";"8106592222";" 3100007670";"RO-CHE";"Y";
"G29161";"Proprietory";"NANESH DIAMONDS";"E000";"8739410";"20051567082417";"2020-05-15 17:02:20.0";"7000002919";"44-43552600";"9994512354";" 3100007763";"RO-CHE";"Y";
"G26710";"Partnership";"FUSION JEWELS OF SOUTH";"E000";"2328034";"20050766801199";"2020-05-08 16:20:05.0";"7000001088";"";"9886438007";" 3100007667";"RO-CHE";"Y";
"G19284";"Partnership";"VITRAG JEWELS";"E000";"8311923";"20050866831422";"08-05-2020 12:11:46";"7000016668";"44-25582969/25587707";"9341236517";" 3100007669";"RO-CHE";"Y";
"G25247";"Partnership";"VIJAY GEMS & JEWELLERY";"E000";"3892426";"20051166912004";"11-05-2020 09:25:35";"7000000587";"22373051";"8050070000";" 3100007678";"RO-CHE";"Y";
"G29371";"Partnership";"VITHRAAG JEWELS";"E000";"3535524";"20051166931236";"2020-05-11 15:23:17.0";"7000003614";"04443511916";"9840870070";" 3100007679";"RO-CHE";"Y";
"G27746";"Proprietory";"golden Moments Jewellery";"E000";"7022775";"20051266957101";"12-05-2020 12:20:04";"7000005762";"44-24313340";"9445536699";" 3100007694";"RO-CHE";"Y";
"G28465";"Partnership";"ARNAV & CO";"E000";"378682";"20051266965765";"12-05-2020 14:23:11";"7000008255";"44-26578778";"9886179145";" 3100007693";"RO-CHE";"Y";
"G01088";"Proprietory";"ANMOL JEWELLERS";"E000";"9588517";"20051266965860";"12-05-2020 14:24:06";"7000017608";"04023215994";"9848012001";" 3100007695";"RO-CHE";"Y";
"";"Partnership";"HARSHINI MAPLE LEAFS";"E000";"6846188";"20051567073888";"15-05-2020 13:40:16";"7000049726";"04448598855";"7708509504";" 3100007864";"RO-CHE";"Y";
"G29276";"Partnership";"J.S Jewel Om LLP";"E000";"1944886";"20051367011915";"13-05-2020 17:55:31";"7000003352";"";"8012370000";" 3100007759";"RO-CHE";"Y";
"";"Proprietory";"VIJAY JEWELLERS";"E000";"3650753";"20051367012229";"13-05-2020 18:05:26";"7000047578";"66567879";"9949196600";" 3100007790";"RO-CHE";"Y";
"";"Partnership";"ADITYA JEWELS (INDIA) LLP";"E000";"109676";"20051367013303";"13-05-2020 18:47:18";"7000038320";"04024752073";"9246154142";" 3100007760";"RO-CHE";"Y";
"G23440";"Partnership";"LATSHEK ELECTRO REFINERY";"E000";"9247251";"20052067218449";"2020-05-20 11:56:07.0";"7000017215";"44-223338";"9942788885";" 3100007887";"RO-CHE";"N";
"G29527";"Partnership";"VINAYAKA JEWELS";"E000";"6906761";"20051567064452";"2020-05-15 11:41:38.0";"7000004181";"";"9849037577";" 3100007761";"RO-CHE";"Y";
"G10352";"Private Ltd";"MOHAMMED KHAN JEWELLERS PVT";"E000";"6650695";"20051567077179";"15-05-2020 14:59:48";"7000008902";"44-23203607/23201814";"9848801200";" 3100007762";"RO-CHE";"Y";
"";"Proprietory";"SHEETAL SILVER PALACE";"E000";"1745215";"20051667100440";"16-05-2020 12:27:48";"7000039943";"04442752526";"9366664404";" 3100007788";"RO-CHE";"Y";
"";"Private Ltd";"ASCHER JEWELS PRIVATE LIMITED";"E000";"1421596";"20051867143217";"18-05-2020 10:18:42";"7000049728";"9740565665";"9742966880";" 3100007865";"RO-CHE";"Y";
"G06261";"Partnership";"INDERLAL BALMUKAND";"E000";"3999374";"20051867142624";"18-05-2020 10:03:24";"7000025490";"";"9391022673";" 3100007823";"RO-CHE";"Y";
"G26772";"Partnership";"PRIME STAR DIAMOND JEWELLERY";"E000";"6646346";"20051867149391";"2020-05-18";"7000001376";"44-424648";"9447166049";" 3100007789";"RO-CHE";"Y";
"G25581";"Partnership";"VIJAY JEWELLERS";"E000";"1036592";"20051967193710";"2020-05-19";"7000012154";"";"9843046010";" 3100007825";"RO-CHE";"Y";
"G26667";"Proprietory";"LAXMI DIAMONDS";"E000";"142199";"20051967194002";"19-05-2020 12:37:37";"7000000913";"";"9886566749";" 3100007826";"RO-CHE";"Y";
"";"Proprietory";"PLATA ZONE";"E000";"901470";"20051967198273";"19-05-2020 14:12:49";"7000048332";"04448589250";"8608130004";" 3100007828";"RO-CHE";"Y";
"G23546";"Private Ltd";"PACIO TRADERS PRIVATE LIMITED";"E000";"1108104";"20052067215048";"20-05-2020 10:44:08";"7000017319";"2265525";"9846999007";" 3100007884";"RO-CHE";"N";
"G27995";"Public Ltd";"v  diamond limited";"E000";"5212058";"20052067230561";"20-05-2020 16:43:40";"7000006569";"";"9895571890";" 3100007891";"RO-CHE";"N";
"G29679";"Proprietory";"CHINTAMANI GOLD";"E000";"142465";"20052067216178";"20-05-2020 11:11:38";"7000004954";"";"9160923815";" 3100007885";"RO-CHE";"N";
"G15158";"Partnership";"SANGEETHA JEWELLERY";"E000";"3160431";"20052067218257";"2020-05-20";"7000015060";"0484-3295280 2376486";"0";" 3100007886";"RO-CHE";"N";
"G29025";"Partnership";"RAJARAM JEWELS";"E000";"8154905";"20052067218697";"2020-05-20";"7000002436";"65908999";"9573129000";" 3100007831";"RO-CHE";"Y";
"G05938";"Private Ltd";"NIKHAAR JEWELS PVT LTD";"E000";"4310115";"20052067220065";"20-05-2020 12:30:06";"7000003560";"44-22103266/22103277";"9738780010";" 3100007888";"RO-CHE";"N";
"G29275";"Partnership";"RAKSHIKA JEWELS LLP";"E000";"7861012";"20052067221783";"20-05-2020 13:09:15";"7000003350";"";"9341655666";" 3100007889";"RO-CHE";"N";
"";"Partnership";"MRK JEWELLERS";"E000";"4477491";"20052067221945";"20-05-2020 13:11:56";"7000037875";"08041225300";"9980668888";" 3100007890";"RO-CHE";"N";
"G30391";"Partnership";"SRI KISHAN JEWELS";"E000";"1212955";"20052067236040";"20-05-2020 20:18:13";"7000008333";"";"9700080000";" 3100007892";"RO-CHE";"N";
"G23000";"Private Ltd";"GOKUL GEMS AND JEWELS PVT LTD";"E000";"4232453";"20052167244653";"21-05-2020 11:18:15";"7000017042";"44-66669866";"9949888882";" 3100007893";"RO-CHE";"N";
"G28750";"Proprietory";"Arihant diamonds";"E000";"2766005";"20052167244892";"21-05-2020 11:22:10";"7000001439";"44-22474755";"9363102470";" 3100007894";"RO-CHE";"N";
"G25192";"Partnership";"swaroop jewellers";"E000";"2836326";"20052167247417";"2020-05-21 11:51:28.0";"7000000540";"66566400";"9985171000";" 3100007895";"RO-CHE";"N";
"G26356";"Private Ltd";"SHIVNARAYAN JEWELLERS PVT LTD";"E000";"1695219";"20052167254093";"21-05-2020 14:03:56";"7000014964";"66415453";"9885374425";" 3100007896";"RO-CHE";"N";
"G30057";"Private Ltd";"Zaveri Bros Diamonds and Gold Private Limited";"E000";"3253480";"20052167258674";"21-05-2020 16:03:37";"7000006798";"";"9894612121";" 3100007897";"RO-CHE";"N";
"G02318";"Partnership";"BHIMA JEWELLERY";"E000";"9605847";"20052267275969";"2020-05-22 11:04:35.0";"7000014602";"471-2463645/2461631";"9349389442";"";"RO-CHE";"N";
"G28438";"Partnership";"sri navdurga jewellery";"E000";"1423647";"20052267283940";"22-05-2020 13:30:00";"7000008145";"44-64518887";"9885368000";"";"RO-CHE";"N";
"G29309";"Partnership";"MRK GOLD LLP";"E000";"8575182";"20052267284271";"22-05-2020 13:38:33";"7000003432";"";"9342777771";"";"RO-CHE";"N";
"G30890";"Partnership";"SRI MARUTI JEWELLERS";"E000";"9554457";"20052267287621";"2020-05-22 14:53:05.0";"7000010456";"04027843760";"9848065444";"";"RO-CHE";"N";
"G25838";"Proprietory";"SHIV SHAKTI JEWELS";"E000";"6523822";"20052367307122";"23-05-2020 10:26:00";"7000012928";"44-66827067";"9849016683";"";"RO-CHE";"N";
"G28055";"Proprietory";"shree mb jewellers";"E000";"1256969";"20052367319598";"23-05-2020 15:39:57";"7000006738";"";"9849321624";"";"RO-CHE";"N";
"G30892";"Private Ltd";"Kovai Silver Private Limited";"E000";"1752315";"20052467331382";"24-05-2020 10:22:55";"7000010467";"";"9363204233";"";"RO-CHE";"N";
"G30986";"Partnership";"SUKRAA EXPORT";"E000";"8082786";"20052667379206";"26-05-2020 12:11:45";"7000011093";"";"9444444336";"";"RO-CHE";"N";
"G25273";"Private Ltd";"MOHANLAL JEWELLERS PRIVATE LIMITED";"E000";"6946407";"20052567354307";"25-05-2020 13:05:16";"7000000630";"44-25350600";"9841015766";"";"RO-CHE";"N";
"G10281";"Proprietory";"MITALI JEWELS";"E000";"2403144";"20052567355949";"2020-05-25 13:48:18.0";"7000008852";"44-2226693/41232908";"9341232908";"";"RO-CHE";"N";
"";"Proprietory";"BLUE SEA EXPORTS";"E000";"457389";"20052567360061";"25-05-2020 16:17:09";"7000041678";"04752250079";"9847474507";"";"RO-CHE";"N";
"G25847";"Proprietory";"GANESH DIAMONDS";"E000";"2256312";"20052667376942";"2020-05-26 11:29:49.0";"7000012955";"44-411464";"9341149945";"";"RO-CHE";"N";
"";"Proprietory";"SUNIL JEWELLERY";"E000";"1681851";"20052667379832";"26-05-2020 12:22:10";"7000049138";"04443627390";"7200099166";"";"RO-CHE";"N";
"G29093";"Partnership";"BHAGWAT SHANTI JEWELLERS LLP";"E000";"9305020";"20052667379915";"2020-05-26 12:23:47.0";"7000002639";"44-23235554";"9581050004";"";"RO-CHE";"N";
"";"Partnership";"R B MITTEY AND CO";"E000";"2024858";"20040165684951";"01-04-2020 10:56:57";"7000026652";"43089596";"9313664165";" 3100007593";"RO-DEL";"Y";
"G27698";"Partnership";"SPINKS IMPEX ";"E000";"6382582";"20040165685929";"2020-04-01";"7000005605";"11-44770501";"9811031814";" 3100007584";"RO-DEL";"Y";
"G16548";"Proprietory";"SIDIORA JEWELLERS";"E000";"508667";"20051567069190";"15-05-2020 13:02:14";"7000015639";"11-220469";"9815614869";" 3100007729";"RO-DEL";"Y";
"G10687";"Proprietory";"N.M. KAREL & SONS";"E000";"7034843";"20040165687359";"01-04-2020 12:42:19";"7000009282";"11-41642271";"9810011811";" 3100007686";"RO-DEL";"Y";
"";"Private Ltd";"N M KAREL & SONS PRIVATE LIMITED ";"E000";"8588666";"20040165687742";"01-04-2020 13:04:14";"7000044101";"01141642271";"9810011811";" 3100007685";"RO-DEL";"Y";
"";"Proprietory";"KOHINOOR JEWELLERS";"E000";"3202558";"20042766467352";"2020-04-27";"7000049691";"0";"9416022096";" 3100007583";"RO-DEL";"Y";
"G13189";"Private Ltd";"RR GEMS PRIVATE LIMITED ";"E000";"1248946";"20050166604432";"01-05-2020 17:15:49";"7000011534";"11-29231013";"9811385614";" 3100007655";"RO-DEL";"Y";
"";"Proprietory";"PARAMPARA THE JEWELS";"E000";"2023526";"20050766808246";"07-05-2020 15:05:33";"7000048125";"01145606327";"9811106327";" 3100007654";"RO-DEL";"Y";
"G26380";"Proprietory";"CHAMPALAL & COMPANY (JEWELLERS)";"E000";"9930605";"20050966870142";"09-05-2020 13:22:03";"7000015008";"29232666";"9810043048";" 3100007645";"RO-DEL";"Y";
"G09236";"Proprietory";"K.LALITA JEWELLERS";"E000";"3954099";"20050866847033";"2020-05-08 17:45:57.0";"7000007958";"01145565995";"8800559900";" 3100007647";"RO-DEL";"Y";
"G05950";"Private Ltd";"HAZOORILAL & SONS JEWELLERS PVT. LTD. ";"E000";"370275";"20051066897405";"10-05-2020 13:50:13";"7000003566";"11-48733333";"9818646539";" 3100007687";"RO-DEL";"Y";
"G06395";"Proprietory";"INDUS VALLEY COMMERCE";"E000";"3861204";"20051266968209";"12-05-2020 15:19:47";"7000003758";"01204118283";"9811106543";" 3100007646";"RO-DEL";"Y";
"G23554";"Private Ltd";"SINGHVI JEWELS PRIVATE LIMITED ";"E000";"4652723";"20051467038329";"14-05-2020 14:50:23";"7000017326";"11-41009902";"9810345643";" 3100007720";"RO-DEL";"Y";
"G06889";"Proprietory";"JAIPUR GEMS CENTRE";"E000";"3891793";"20051467025675";"14-05-2020 11:04:03";"7000004489";"11-431255/2431687";"9997308635";" 3100007718";"RO-DEL";"Y";
"G30942";"Partnership";"NATURAL SPARKLING DIAMONDS";"E000";"9580200";"20051467038243";"14-05-2020 14:47:27";"7000010808";"11-45683563";"9654302282";" 3100007719";"RO-DEL";"Y";
"G30461";"Proprietory";"Beera jewellers";"E000";"7259412";"20051567068455";"15-05-2020 12:53:49";"7000008616";"11-42371723";"9888000003";" 3100007728";"RO-DEL";"Y";
"G24686";"Partnership";"JEWEL DESIRE";"E000";"9064533";"20051567079222";"15-05-2020 15:45:17";"7000010170";"11-28723456/28723455";"9818866557";" 3100007730";"RO-DEL";"Y";
"G30692";"Partnership";"jiaansh impex llp";"E000";"2897148";"20051567083078";"15-05-2020 17:25:50";"7000009891";"11-47019947";"9013676197";" 3100007732";"RO-DEL";"Y";
"G12737";"Proprietory";"PRIMEXPO";"E000";"3162856";"20051567083420";"15-05-2020 17:38:20";"7000010970";"11-24621832";"9818106069";" 3100007733";"RO-DEL";"Y";
"G23511";"Proprietory";"ANM JEWELLERYLINE";"E000";"3119075";"20051567088093";"15-05-2020 20:33:27";"7000017278";"11-29211476";"9810099004";" 3100007734";"RO-DEL";"Y";
"G31065";"Private Ltd";"SHANTIVIJAY ADORNMENTS PRIVATE LIMITED";"E000";"7329579";"20051667102995";"16-05-2020 13:20:04";"7000012575";"11-41776408";"9810085301";" 3100007803";"RO-DEL";"Y";
"G11552";"Partnership";"ORIENTAL ARTS CORPORATION";"E000";"2323314";"20051667116019";"16-05-2020 20:35:57";"7000009947";"11-23367967";"9810149685";" 3100007804";"RO-DEL";"Y";
"G11600";"Partnership";"ORO GEMS";"E000";"4863215";"20051667116335";"16-05-2020 20:51:06";"7000010002";"11-46575358";"9810149685";" 3100007805";"RO-DEL";"Y";
"G16362";"Proprietory";"SHRIANS JEWELS";"E000";"2213323";"20051767126485";"17-05-2020 14:18:50";"7000015596";"11-24353226";"9350043848";" 3100007806";"RO-DEL";"Y";
"G28448";"Partnership";"Eterna Industries";"E000";"1617562";"20051867150619";"18-05-2020 12:09:16";"7000008184";"11-4061330";"9897256005";" 3100007807";"RO-DEL";"Y";
"G28042";"Partnership";"B. Ram Swaroop Johari & Sons Jewellers";"E000";"9951352";"20051867160146";"18-05-2020 14:13:10";"7000006689";"11-29233000";"9810335471";" 3100007808";"RO-DEL";"Y";
"G05295";"Proprietory";"GOEL JEWELLERS";"E000";"6724403";"20051867161122";"18-05-2020 14:30:24";"7000002730";"11-23918176/23929871";"9811074994";" 3100007809";"RO-DEL";"Y";
"G25557";"Private Ltd";"BE JEWELLED INDIA PVT. LTD.";"E000";"8555661";"20052267276750";"22-05-2020 11:25:28";"7000012110";"11-26791073";"9717322339";"";"RO-DEL";"N";
"G30331";"Private Ltd";"SATARA SPARKLES PRIVATE LIMITED";"E000";"9482667";"20051867167284";"2020-05-18 15:29:52.0";"7000007870";"11-12456484";"9818189942";" 3100007810";"RO-DEL";"Y";
"G15942";"Proprietory";"SHIV ENTERPRISES";"E000";"5068984";"20051967193086";"2020-05-19 12:14:05.0";"7000015465";"11-41411755/42482227";"9818611111";" 3100007819";"RO-DEL";"Y";
"G28063";"Partnership";"K.K.JEWELS";"E000";"3041781";"20051967197914";"19-05-2020 14:02:09";"7000006767";"11-26568287";"9810027477";" 3100007820";"RO-DEL";"Y";
"";"Partnership";"RISHABH DURGA GEMS & JEWELS";"E000";"7614576";"20051967198169";"19-05-2020 14:09:56";"7000027859";"0";"9810454230";" 3100007821";"RO-DEL";"Y";
"G28623";"Partnership";"RAJ KUMARI JEWELS";"E000";"334055";"20051967201430";"19-05-2020 15:52:48";"7000048337";"01128722973";"9811874400";" 3100007822";"RO-DEL";"Y";
"G15842";"Proprietory";"SHEENU EXPORTS";"E000";"6758058";"20052067216702";"2020-05-21 15:10:09.0";"7000015432";"11-29814170/29817912";"9810125185";" 3100007898";"RO-DEL";"N";
"G08149";"Private Ltd";"KAYS JEWELS PRIVATE LIMITED ";"E000";"4295339";"20052067221458";"20-05-2020 13:02:04";"7000006260";"05122362599/2424146";"9839027474";" 3100007899";"RO-DEL";"Y";
"G29081";"Private Ltd";"FORTUNA RETAIL PRIVATE LIMITED ";"E000";"534981";"20052067226748";"20-05-2020 15:03:12";"7000002583";"01244106764";"9953706161";" 3100007881";"RO-DEL";"N";
"G09235";"Proprietory";"M.L. IMPEX";"E000";"2444082";"20052067224256";"2020-05-20 13:57:58.0";"7000007954";"11-23950072/23976226";"9810097580";" 3100007900";"RO-DEL";"N";
"";"Proprietory";"K.D. GEMS";"E000";"3643671";"20052067225530";"20-05-2020 14:31:16";"7000048464";"45565995";"9810272721";" 3100007901";"RO-DEL";"N";
"G21417";"Public Ltd";"VARAHI DIAMONDS & FINANCE LTD.";"E000";"7971153";"20052167260388";"21-05-2020 16:51:12";"7000016946";"11-25121110";"9811017333";" 3100007906";"RO-DEL";"N";
"G29848";"Proprietory";"s.s. chains & jewellers";"E000";"6062065";"20052067228414";"20-05-2020 15:41:39";"7000005921";"11-2700339";"9876988878";" 3100007902";"RO-DEL";"N";
"G29990";"Partnership";"RIWAAYAT";"E000";"374836";"20052067235967";"2020-05-21 14:10:08.0";"7000006352";"11-40820066";"9811410308";" 3100007903";"RO-DEL";"N";
"G30444";"Proprietory";"PURE GEMS AND JEWELS";"E000";"7275593";"20052167249269";"21-05-2020 12:31:29";"7000008564";"11-45090104";"9873640448";" 3100007905";"RO-DEL";"N";
"";"Partnership";"RIKHAB DAS UDAI CHAND";"E000";"1015136";"20052167249009";"2020-05-21";"7000037709";"05224005225";"9198335555";" 3100007904";"RO-DEL";"N";
"G27858";"Private Ltd";"ITS MY NAME pvt. ltd. ";"E000";"7900822";"20052167262967";"21-05-2020 18:24:27";"7000006047";"11-45161029";"9810124550";" 3100007907";"RO-DEL";"N";
"G15250";"Partnership";"SANTOSH JEWELLERS";"E000";"1781119";"20052267284422";"2020-05-22 13:39:25.0";"7000015210";"46115247";"9810011131";"";"RO-DEL";"N";
"G25812";"Private Ltd";"R.N. KAPOOR JEWELLERS PVT. LTD.";"E000";"512172";"20052267284924";"22-05-2020 13:49:05";"7000044835";"27252059";"09910262690";"";"RO-DEL";"N";
"G11928";"Proprietory";"PANNA HANDICRAFTS";"E000";"8456132";"20052267288077";"22-05-2020 15:06:06";"7000010259";"11-41002515/41002516";"9313250138";"";"RO-DEL";"N";
"G25993";"Private Ltd";"PADMA GEMS PVT. LTD.";"E000";"170413";"20052267291242";"22-05-2020 16:11:47";"7000013309";"11-24351513";"9911754443";"";"RO-DEL";"N";
"G06817";"Proprietory";"JAINDEEP JEWELS";"E000";"4145742";"20052267297540";"22-05-2020 19:11:10";"7000004455";"11-23244601";"9811054480";"";"RO-DEL";"N";
"G08555";"Proprietory";"KRISHNA HANDICRAFTS";"E000";"2769545";"20052367313643";"23-05-2020 13:02:08";"7000006637";"11-45065550";"9818361441";"";"RO-DEL";"N";
"G17718";"Proprietory";"SWARN INDIA";"E000";"2918375";"20052367312459";"23-05-2020 12:32:42";"7000016073";"11-26028888/26029007";"9811133343";"";"RO-DEL";"N";
"G26567";"Partnership";"JAGAT JEWELS";"E000";"3504281";"20052367315432";"23-05-2020 14:01:05";"7000000074";"11-28062121";"9871121000";"";"RO-DEL";"N";
"G28084";"Private Ltd";"HEERAWALA GOLD HUB PRIVATE LIMITED ";"E000";"4420555";"20052367321977";"23-05-2020 17:09:55";"7000007014";"11-41557531";"7838510000";"";"RO-DEL";"N";
"";"Proprietory";"ABHIKA GEMS &AMP;AMP;AMP; JEWELS";"E000";"5141966";"20052367322890";"23-05-2020 17:53:11";"";"01127216804";"9999803462";"";"RO-DEL";"N";
"G27828";"Private Ltd";"mahesh chand jain & sons sarraf pvt. ltd.";"E000";"4964144";"20052467334942";"2020-05-24 13:07:06.0";"7000005899";"11-39908497/2521629";"9012490074";"";"RO-DEL";"N";
"G25186";"Private Ltd";"SHREE SHARDA CHAINS PVT. LTD.";"E000";"1210037";"20052667376564";"26-05-2020 11:30:28";"7000000523";"11-27057953";"9811154901";"";"RO-DEL";"N";
"G06743";"Partnership";"JAGAN NATH HEM CHAND";"E000";"6411815";"20052567350852";"25-05-2020 11:35:34";"7000004436";"11-24356925/24355926";"9811020023";"";"RO-DEL";"N";
"G17834";"Partnership";"TALWAR JEWELLERS";"E000";"7499012";"20052567352099";"25-05-2020 12:08:22";"7000016122";"11-2702100/2702200";"9814022000";"";"RO-DEL";"N";
"G08763";"Partnership";"L.S. ENTERPRISES";"E000";"6116858";"20052567359283";"25-05-2020 15:42:57";"7000007426";"11-26516455";"9810037377";"";"RO-DEL";"N";
"G29046";"Private Ltd";"HARSAHAIMAL SHIAMLAL JEWELLERS LUCKNOW PRIVATE LIM";"E000";"9816396";"20052567362153";"25-05-2020 17:31:11";"7000002468";"11-2511554";"9837002000";"";"RO-DEL";"N";
"G30939";"Proprietory";"Mark Jewellers";"E000";"2385911";"20052567363233";"25-05-2020 18:17:54";"7000010789";"11-14247856";"9871194148";"";"RO-DEL";"N";
"";"Private Ltd";"GANAPATI JEWELLERS CRAFTS PVT LTD";"E000";"1639968";"20041065974903";"2020-04-10";"7000049698";"1412752200";"9351548400";" 3100007603";"RO-JAI";"N";
"G26239";"Partnership";"BRIJ NIVESH";"E000";"176613";"20050766803564";"2020-05-07";"7000014002";"141-4007800";"9829187771";" 3100007633";"RO-JAI";"Y";
"G15053";"Public Ltd";"SAMBHAV GEMS LIMITED";"E000";"4080001";"20050866830442";"2020-05-08";"7000014974";"2607030 2770539 5122667-668";"9829060006";" 3100007634";"RO-JAI";"Y";
"G11594";"Proprietory";"ORNAMENTS";"E000";"9721999";"20050866834213";"2020-05-08";"7000009994";"141-2701638";"9829055123";" 3100007635";"RO-JAI";"Y";
"G29540";"Proprietory";"MAHAK ENTERPRISES";"E000";"3506946";"20050966860649";"2020-05-09";"7000004228";"141-2706050";"9351171857";" 3100007636";"RO-JAI";"Y";
"";"Proprietory";"JAI JINENDRA EXPORTS";"E000";"3451431";"20050966860885";"2020-05-09";"7000034308";"01412319821";"9819974999";" 3100007637";"RO-JAI";"Y";
"G04702";"Partnership";"GALLANT JEWELRY";"E000";"4774698";"20050966873270";"2020-05-09";"7000001726";"141-2377288/2172527";"9829050571";" 3100007638";"RO-JAI";"N";
"G26493";"Proprietory";"MODI CREATIONS";"E000";"606783";"20051066899051";"2020-05-10";"7000026482";"2570098";"9828145688";" 3100007639";"RO-JAI";"Y";
"G27950";"Proprietory";"s. gaurav impex";"E000";"7078311";"20051066901193";"2020-05-11";"7000006390";"141-2578927";"9829227445";" 3100007643";"RO-JAI";"Y";
"G26617";"Proprietory";"PIONEER INTERNATIONAL";"E000";"6058183";"20051166910126";"2020-05-11";"7000000691";"141-2328185";"9829013281";" 3100007640";"RO-JAI";"Y";
"G15777";"Partnership";"SHARAD VIJAY JEWELLERS";"E000";"8372146";"20052567351402";"25-05-2020 11:48:50";"7000015407";"141-2560337";"9829050101";"";"RO-JAI";"N";
"G07275";"Partnership";"JEWELS 'N' ARTS";"E000";"7032710";"20051166925590";"2020-05-11";"7000004911";"141-2633708/2635793";"9829020564";" 3100007641";"RO-JAI";"Y";
"G25887";"Partnership";"BLISS GEMS & MINERALS";"E000";"99469";"ICL0051166925835";"2020-05-11";"7000013103";"141-2569861";"9414752137";" 3100007644";"RO-JAI";"Y";
"G26335";"Partnership";"GEM GALLERY";"E000";"9903863";"20052567351749";"25-05-2020 11:57:58";"7000014896";"2228376";"9829770101";"";"RO-JAI";"N";
"";"Proprietory";"ARUSH EXPORTS";"E000";"2343572";"20051166930904";"2020-05-11";"7000048445";"4003123";"8875410008";" 3100007642";"RO-JAI";"Y";
"G25086";"Partnership";"TATIWALAS GEHNA";"E000";"7874840";"20051266964097";"2020-05-12";"7000000287";"141-2573098";"9829079954";" 3100007696";"RO-JAI";"Y";
"G13945";"Private Ltd";"RAVINDRA HERAEUS PVT. LTD.";"E000";"8860168";"20051266966424";"2020-05-12";"7000012273";"141-2490029/3044222";"9829041129";" 3100007698";"RO-JAI";"Y";
"G06900";"Proprietory";"JAIPUR JEWELLERY HOUSE";"E000";"4150794";"20051266970439";"2020-05-12";"7000004497";"141-2575078/2578661";"9829050548";" 3100007699";"RO-JAI";"Y";
"G29860";"Partnership";"S. JINDAL GEMS INDIA LLP";"E000";"3217309";"20051266972888";"2020-05-12";"7000005955";"141-2577614";"9549999995";" 3100007697";"RO-JAI";"Y";
"G07369";"Proprietory";"JINDAL GEMS & JEWELLERS";"E000";"8565039";"20051266973428";"2020-05-12";"7000005362";"141-2577690";"9314507043";" 3100007700";"RO-JAI";"Y";
"G27470";"Partnership";"Hare Krishna jewels";"E000";"4025581";"20051366992677";"2020-05-13";"7000004847";"141-4050945";"9680091158";" 3100007701";"RO-JAI";"Y";
"";"Proprietory";"RAJ INTERNATIONAL GEMS";"E000";"7827882";"20051867151315";"2020-05-18";"7000044104";"9314459701";"9314459701";" 3100007795";"RO-JAI";"Y";
"";"Proprietory";"NBN EXPORTS";"E000";"1659922";"20051367004886";"2020-05-13";"7000037472";"01412654462";"9829056019";" 3100007702";"RO-JAI";"Y";
"G04772";"Proprietory";"GANPATI EXPORTS";"E000";"9483767";"20051367005593";"2020-05-13";"7000001785";"141-2371209/2210927";"9414019000";" 3100007705";"RO-JAI";"Y";
"G18112";"Partnership";"TOSHNIWAL TRADING CORPORATION";"E000";"1109069";"20051467027575";"2020-05-14";"7000016234";"141-2754209/4034209";"9829197170";" 3100007706";"RO-JAI";"Y";
"G02207";"Partnership";"BHANSALI TRADING CORPORATION";"E000";"7223206";"20051967200540";"2020-05-19";"7000014501";"141-2602731/2614623";"9829060060";" 3100007811";"RO-JAI";"Y";
"G24389";"Partnership";"CASA DE PLATA";"E000";"3438315";"20051667102289";"2020-05-16";"7000009240";"141-5104838/2204423";"9829016396";" 3100007771";"RO-JAI";"Y";
"G26348";"Partnership";"P.U. GEMS";"E000";"4215914";"20051967200849";"2020-05-19";"7000014930";"0141-2614623";"9829060060";" 3100007812";"RO-JAI";"Y";
"G02522";"Proprietory";"BRIJWASI GEMS";"E000";"6023559";"20051567066233";"2020-05-15";"7000014664";"141-2770216";"9829070641";" 3100007770";"RO-JAI";"Y";
"G26198";"Private Ltd";"SAGA SILVER PVT. LTD.";"E000";"8353186";"20051567082243";"2020-05-15";"7000013890";"141-4062831";"9414912299";" 3100007772";"RO-JAI";"Y";
"G14018";"Partnership";"RELIANCE TRADING CORPORATION";"E000";"990831";"20051667103408";"2020-05-16";"7000012361";"141-2370618/19";"9829056388";" 3100007769";"RO-JAI";"Y";
"G24890";"Private Ltd";"COLOURED ROCKS TRADING PVT. LTD.";"E000";"5323899";"20051667104007";"2020-05-16";"7000010898";"141-2210901/4018507";"8003394103";" 3100007768";"RO-JAI";"Y";
"G05592";"Private Ltd";"GUPTA CHEMICALS PVT. LTD.";"E000";"854610";"20051667104111";"2020-05-16";"7000003018";"141-2370618/2370619";"9829060900";" 3100007767";"RO-JAI";"Y";
"G19407";"Proprietory";"WORLD GEMS";"E000";"793302";"20051667106872";"2020-05-16";"7000016708";"141-2361922";"9414054814";" 3100007773";"RO-JAI";"Y";
"";"Proprietory";"R.G. GEMS IMPEX";"E000";"9262083";"20051867170847";"2020-05-18";"7000026579";"01412567071";"9829067072";" 3100007796";"RO-JAI";"Y";
"G20029";"Proprietory HUF";"KEDIA GEM IMPEX";"E000";"1089332";"20051867173297";"2020-05-18";"7000016848";"141-2578905/2575025";"9829013201";" 3100007794";"RO-JAI";"Y";
"G26323";"Private Ltd";"BRB ART & JEWELS (P) LTD.";"E000";"9945540";"20051967190132";"2020-05-19";"7000014858";"";"919001994999";" 3100007817";"RO-JAI";"Y";
"G27036";"Proprietory";"KALLISTA DESIGNS";"E000";"2006972";"20051967194251";"2020-05-19";"7000002784";"141-2350125";"9829397255";" 3100007813";"RO-JAI";"Y";
"G25436";"Proprietory";"SHIVAM EXPORTS";"E000";"7582904";"20051967201640";"2020-05-19";"7000011722";"141-2785078";"9829114797";" 3100007814";"RO-JAI";"Y";
"G25190";"Proprietory";"RATAN JEWELLERS";"E000";"6373623/201002498783";"ICL0051967201779";"2020-05-19";"7000000535";"141-2578082";"9829012571";" 3100007816";"RO-JAI";"Y";
"";"Proprietory";"ARISHA KREATION CO ";"E000";"1224031";"20051967202591";"2020-05-19";"7000047471";"2560146";"9928355025";" 3100007815";"RO-JAI";"Y";
"G26721";"Private Ltd";"shimmer gems pvt ltd";"E000";"7881360";"20052167247571";"2020-05-21";"7000001146";"141-2771925";"9782222218";" 3100007909";"RO-JAI";"N";
"G30685";"Partnership";"Anurag International";"E000";"9157699";"20052067219799";"2020-05-20";"7000009842";"141-2575626";"9829399407";" 3100007834";"RO-JAI";"Y";
"G18551";"Proprietory";"V.K. ENTERPRISES";"E000";"4867638";"20052067222172";"2020-05-20";"7000036439";"2578905";"9829013201";" 3100007835";"RO-JAI";"Y";
"G26295";"Private Ltd";"R R FOREVER JEWELLERY PVT LTD";"E000";"8710923";"20052167243343";"2020-05-21";"7000014809";"2600080";"9928144446";" 3100007908";"RO-JAI";"N";
"G28899";"Proprietory";"RIYA GEMS";"E000";"5362156";"20052367312780";"23-05-2020 12:41:52";"7000002216";"141-2297996";"9829264721";"";"RO-JAI";"N";
"G28141";"Proprietory";"DarPAN";"E000";"2982309";"20052067228522";"2020-05-20";"7000007145";"141-2623000";"9829825656";" 3100007836";"RO-JAI";"Y";
"G27286";"Proprietory";"SHIVAM ARTS";"E000";"9142605";"20052167258986";"2020-05-21";"7000003979";"141-2601452";"9829056486";" 3100007917";"RO-JAI";"N";
"G27356";"Proprietory";"BBHAVYAA GEMS";"E000";"8202326";"8202326";"2020-05-20";"7000004235";"9828129270";"9828129270";" 3100007837";"RO-JAI";"Y";
"G07274";"Proprietory";"JEWELS & TOOLS";"E000";"1615028";"20052167247965";"2020-05-21";"7000004904";"141-2573183";"9414074655";" 3100007910";"RO-JAI";"N";
"G29506";"Proprietory";"SACHI";"E000";"1086196";"20052167248343";"2020-05-21";"7000004101";"141-2573930";"9413352205";" 3100007911";"RO-JAI";"N";
"G16665";"Private Ltd";"SILVEX IMAGES INDIA PVT. LTD.";"E000";"2293709";"20052167248345";"2020-05-21";"7000015684";"141-2206810/2206570";"9829012590";" 3100007912";"RO-JAI";"N";
"G26115";"Proprietory";"P.D. INTERNATIONAL";"E000";"7556634";"20052167260202";"2020-05-21";"7000013685";"141-2600936";"9829014596";" 3100007918";"RO-JAI";"N";
"G03469";"Proprietory";"DEEPAK JEWELLERS";"E000";"9445";"20052167248942";"2020-05-21";"7000000494";"141-3225160/4011335";"9829068635";" 3100007913";"RO-JAI";"N";
"G24961";"Proprietory";"JAIPUR SILVER";"E000";"8699649";"20052167249103";"2020-05-21";"7000011105";"141-2206570/2206810";"9829012590";" 3100007914";"RO-JAI";"N";
"";"Proprietory";"SILVER IMAGES";"E000";"5244926";"20052167251755";"2020-05-21";"7000034763";"2283745";"9829393003";" 3100007915";"RO-JAI";"N";
"G30726";"Proprietory";"surya jewellers";"E000";"1382400";"20052167255314";"2020-05-21";"7000011454";"141-2600890";"9983939306";" 3100007916";"RO-JAI";"N";
"G06237";"Proprietory";"IMPERIAL EXPORTS";"E000";"4331610";"20052167256766";"2020-05-22";"7000003707";"141-2625023/4022227";"9829058589";" 3100007921";"RO-JAI";"N";
"G10255";"Proprietory";"MINIATURES (INDIA)";"E000";"3523108 ";"ICL0052167257022";"2020-05-22";"7000008548";"141-2625022/4022227";"9829058589";" 3100007922";"RO-JAI";"N";
"G29916";"Partnership";"S M IMPEX";"E000";"6778753";"20052167257253";"2020-05-22";"7000006060";"141-4022227";"9950168589";" 3100007920";"RO-JAI";"N";
"G04135";"Proprietory";"ELEGANT SILVER JEWELLERY";"E000";"8204119";"20052267282357";"22-05-2020 13:02:39";"7000001531";"141-2601452";"9829590698";"";"RO-JAI";"N";
"G27287";"Proprietory";"dynamic silver jewellery";"E000";"3160279";"20052167260390";"2020-05-21";"7000003983";"141-2364758";"9829590698";" 3100007919";"RO-JAI";"N";
"G14197";"Public Ltd";"RMC GEMS INDIA LIMITED";"E000";"3182926";"20052267281047";"22-05-2020 12:38:16";"7000012582";"141-2533065/2533066";"9829013818";"";"RO-JAI";"N";
"G29183";"Partnership";"jain gems international llp";"E000";"5119676";"20052267281958";"22-05-2020 12:59:00";"7000003014";"141-2771344";"9928851800";"";"RO-JAI";"N";
"G24812";"Proprietory";"G.R. SILVER DESIGNS INTERNATIONALS";"E000";"3373151";"20052267288475";"22-05-2020 15:18:57";"7000010678";"141-6524550/6572150";"9829565256";"";"RO-JAI";"N";
"G18399";"Private Ltd";"UNITED GEM CREATIONS PVT. LTD.";"E000";"1049356";"20052367307286";"23-05-2020 10:34:37";"7000016342";"141-4027881";"9829668686";"";"RO-JAI";"N";
"G03024";"Proprietory";"COLORMAX";"E000";"2926082";"20052567346403";"2020-05-25 09:03:55.0";"7000000195";"141-2654786";"9829030468";"";"RO-JAI";"N";
"G00900";"Private Ltd";"AMRAPALI JEWELS PVT. LTD.";"E000";"5896931";"20052567355813";"25-05-2020 13:45:48";"7000017546";"141-5191100/4027739";"9314000049";"";"RO-JAI";"N";
"G28762";"Private Ltd";"tba jewels private limited ";"E000";"7843211";"20052567356269";"25-05-2020 13:58:20";"7000001465";"141-5191100";"9829000049";"";"RO-JAI";"N";
"G00899";"Partnership";"AMRAPALI EXPORTS";"E000";"1095324";"20052567356644";"25-05-2020 14:13:02";"7000017543";"141-5193300/2375802";"9314000049";"";"RO-JAI";"N";
"G24587";"Partnership";"AMRAPALI DESIGN STUDIO";"E000";"9089013";"20052567357012";"25-05-2020 14:24:24";"7000009979";"141-5185141";"9314000049";"";"RO-JAI";"N";
"G30437";"Proprietory";"SHIRIYA ARTS";"E000";"353845";"20052567360255";"25-05-2020 16:22:40";"7000008534";"141-2225665";"9414043929";"";"RO-JAI";"N";
"G29358";"Partnership";"Divya Jewels";"E000";"7771807";"20050766798444";"2020-05-07";"7000003571";"3340734101";"9830013320";" 3100007602";"RO-KOL";"Y";
"G29632";"Proprietory";"GOENKA JEWELLERS";"E000";"5082319";"20051266964329";"2020-05-12";"7000004683";"3340034685";"9830096144";" 3100007684";"RO-KOL";"Y";
"G29633";"Proprietory";"ROHIT CHAIN & JEWELLERS";"E000";"9931445";"20050866830109";"2020-05-08";"7000004692";"3322580543";"9331740485";" 3100007604";"RO-KOL";"Y";
"G04032";"Proprietory";"DULI CHAND KAREL & SONS";"E000";"5452794";"20051367012047";"2020-05-13";"7000001333";"3322594383";"9831017048";" 3100007711";"RO-KOL";"Y";
"G18131";"Proprietory";"TRADITIONS";"E000";"2913780";"20051366991450";"2020-05-13";"7000016244";"";"9331040311";" 3100007707";"RO-KOL";"Y";
"G26384";"Private Ltd";"KULTHIAA JEWEL PRIVATE LIMITED ";"E000";"8417757";"20051366992666";"13-05-2020 11:23:09";"7000015016";"3322685531";"9831127725";" 3100007710";"RO-KOL";"Y";
"G06277";"Proprietory";"INDIA RAWSILK EXPORTS";"E000";"7361127";"20051366999226";"2020-05-13";"7000003726";"3323628100";"9831064542";" 3100007704";"RO-KOL";"Y";
"";"Proprietory";"SUBH";"E000";"4966874";"4966874";"2020-05-14";"7000048523";"03340060239";"9836665556";" 3100007712";"RO-KOL";"Y";
"G20173";"Proprietory";"KAMAL NARNOLI JEWELLERS";"E000";"513458";"20051467024102";"2020-05-14";"7000016864";"3322743680";"8017777469";" 3100007713";"RO-KOL";"Y";
"G29173";"Public Ltd";"LGW LIMITED ";"E000";"76274";"20051467030104";"2020-05-14";"7000002956";"3366080773";"9051055999";" 3100007714";"RO-KOL";"Y";
"";"Proprietory";"ROOPKATHA";"E000";"8024441";"20051467050687";"2020-05-14";"7000038374";"9804411637";"9804411637";" 3100007715";"RO-KOL";"Y";
"G01772";"Private Ltd";"B.C. JAIN JEWELLERS PVT. LTD.";"E000";"1060613";"20051567086540";"2020-05-15";"7000014225";"3322836203";"9831030558";" 3100007723";"RO-KOL";"Y";
"G07312";"Partnership";"JFC CREATIONS";"E000";"8122144";"20051967203588";"2020-05-19";"7000005346";"3322307168";"9831005708";" 3100007818";"RO-KOL";"Y";
"";"Private Ltd";"R D Karel jewellers Pvt Ltd ";"E000";"8836284";"20051867158408";"2020-05-18";"7000023213";"03346000475";"9874201122";" 3100007774";"RO-KOL";"Y";
"G28518";"Private Ltd";"JAI KRISHNA JEWELLERS COMPANY PRIVATE LIMITED";"E000";"9606410";"20051867158137";"2020-05-18";"7000008613";"3322728334";"9830022666";" 3100007801";"RO-KOL";"Y";
"";"Proprietory";"SIDDHACHAL JEWELLERS";"E000";"9840373";"20051867172664";"2020-05-18";"7000049732";"46011444";"9830574332";" 3100007882";"RO-KOL";"Y";
"";"Proprietory";"SANJAY KUMAR BAVISHI AND SON";"E000";"8416455";"20051867175448";"18-05-2020 19:08:28";"7000045028";"9339125926";"9339125925";" 3100007802";"RO-KOL";"Y";
"G29497";"Partnership";"BHAGYARATNA JEWELLERS";"E000";"6107045";"6107045";"2020-05-21";"7000004065";"";"9329435535";" 3100007883";"RO-KOL";"Y";
"G25644";"Proprietory";"VINAYAK JEWELLERS";"E000";"6148157";"20052667381470";"26-05-2020 12:57:25";"7000012321";"";"9883915326";"";"RO-KOL";"N";
"G18327";"Private Ltd";"UMANANDAN ENTERPRISES PVT. LTD";"E000";"3303831";"20052567356166";"25-05-2020 13:56:14";"7000016298";"";"9810270209";"";"RO-KOL";"N";
"";"Proprietory";"AARAV JEWELLERY EXPORTS";"E000";"4326873";"20052667372481";"26-05-2020 09:47:05";"7000043458";"8084744349";"8789502278";"";"RO-KOL";"N";
"G03013";"Private Ltd";"CLUSTER JEWELLERY LIMITED";"E000";"1705892";"20051967194235";"19-05-2020 12:43:06";"7000000192";"261-26422777";"9825063558";" 3100007785";"RO-SRT";"N";
"G28488";"Partnership";"d p jewels";"E000";"3740377";"20050266629913";"02-05-2020 13:20:57";"7000008527";"261-26562548";"9327007476";" 3100007600";"RO-SRT";"Y";
"";"Proprietory";"AVNI JEWELS";"E000";"3845532";"";"2020-05-02";"7000026241";"02613111413";"9904016566";" 3100007597";"RO-SRT";"Y";
"";"Partnership";"PRAYOSHA JEWELS";"E000";"2036405";"20050266643133";"02-05-2020 18:17:28";"7000041051";"02613008702";"9824159373";" 3100007601";"RO-SRT";"N";
"G23620";"Partnership";"METRO ELECTRIC COMPANY";"E000";"3803788";"20050366657970";"03-05-2020 12:03:25";"7000017358";"261-2360610";"9825078512";" 3100007598";"RO-SRT";"Y";
"G28144";"Proprietory";"rajshree international";"E000";"2726998";"20050366665640";"2020-05-04 13:13:47.0";"7000007159";"261-2224565";"9825999956";" 3100007599";"RO-SRT";"N";
"";"Private Ltd";"DHARMA BODKI DIAM PRIVATE LIMITED";"E000";"9196443";"20051367001048";"13-05-2020 13:16:00";"7000049708";"9327932609";"9537018000";" 3100007717";"RO-SRT";"Y";
"";"Proprietory";"A A EXPORTS";"E000";"6029028";"20051467031561";"2020-05-14 12:44:39.0";"";"8511828874";"7600877643";"";"RO-SRT";"N";
"G02162";"Partnership";"BHAGWATI GEMS";"E000";"5113255";"20051166925416";"11-05-2020 13:43:00";"7000014446";"261-2533851/52";"9825119581";" 3100007623";"RO-SRT";"N";
"G29829";"Proprietory";"RAJSHREE GEMS AND JEWELS";"E000";"7232801";"20050666786484";"06-05-2020 20:26:25";"7000005881";"261-40033430";"9510430430";" 3100007611";"RO-SRT";"Y";
"G25759";"Proprietory";"ASTAMANGAL";"E000";"7563566";"20050766800621";"07-05-2020 12:05:15";"7000012704";"261-22161151";"9426012140";" 3100007616";"RO-SRT";"N";
"G21868";"Public Ltd";"PAHINI JEWELLERY LIMITED";"E000";"2876387";"20050766803566";"07-05-2020 13:08:59";"7000016983";"261-26402427";"9879527174";" 3100007622";"RO-SRT";"Y";
"G30547";"Proprietory";"Aangi Creation";"E000";"8957859";"20050766804569";"07-05-2020 13:25:04";"7000009018";"261-48915599";"9979232343";" 3100007610";"RO-SRT";"N";
"G29490";"Proprietory";"Utkarsh jewels";"E000";"4039540";"20052167251497";"21-05-2020 13:19:38";"7000004020";"261-2609171";"9687631009";" 3100007846";"RO-SRT";"N";
"G25343";"Partnership";"BHINDI JEWELLERs";"E000";"4985786";"20051266970555";"2020-05-12 16:18:42.0";"7000011483";"261-2652970";"9427423425";" 3100007652";"RO-SRT";"Y";
"G30874";"Proprietory";"SHREE VIJAYA GANESH JEWELS";"E000";"5826802";"20050766812740";"07-05-2020 17:32:15";"7000010393";"";"8866378151";" 3100007609";"RO-SRT";"Y";
"";"Proprietory";"PAL GEMS";"E000";"9690182";"20050766819784";"07-05-2020 21:00:55";"7000044472";"9879160957";"9879160957";" 3100007605";"RO-SRT";"N";
"G28945";"Partnership";"Shri Ram Jewels";"E000";"4290901";"20051367000432";"13-05-2020 13:04:58";"7000002315";"";"9925830100";" 3100007651";"RO-SRT";"Y";
"";"Partnership";"PALAK JEWELS";"E000";"7356206";"20050866827678";"08-05-2020 11:02:42";"7000037942";"6133100";"9979731718";" 3100007608";"RO-SRT";"N";
"G26262";"Partnership";"SHUBHAM DIAMOND";"E000";"1500934";"20050866831373";"08-05-2020 12:11:54";"7000014063";"261-2535158";"9925161864";" 3100007618";"RO-SRT";"N";
"G28963";"Partnership";"M.D.BROTHERS";"E000";"8719363";"20050866831578";"08-05-2020 12:14:37";"7000002349";"261-2210467";"9376933062";" 3100007613";"RO-SRT";"N";
"G18574";"Partnership";"V. N. EXPORTS";"E000";"5390093";"20050866837874";"08-05-2020 13:55:00";"7000016415";"";"9825039002";" 3100007620";"RO-SRT";"N";
"";"Partnership";"UGRA IMPEX";"E000";"1617938";"20050866834078";"08-05-2020 13:13:40";"7000038540";"9924697156";"9924697156";" 3100007606";"RO-SRT";"Y";
"G25984";"Proprietory";"TEJ DIAMOND";"E000";"7863842";"20050866852028";"08-05-2020 20:42:49";"7000013276";"261-2475839";"9322285478";" 3100007615";"RO-SRT";"N";
"";"Proprietory";"SHREY GEMS";"E000";"5356237";"20050966863964";"09-05-2020 11:40:18";"7000038254";"9924113609";"9924113609";" 3100007607";"RO-SRT";"N";
"G24610";"Proprietory";"POOJA DIAMOND";"E000";"9952308";"20050966864871";"09-05-2020 12:03:36";"7000010040";"261-26750167";"9426088191";" 3100007617";"RO-SRT";"Y";
"G02614";"Proprietory";"C.N. JEWELLERS";"E000";"3375228";"20051867159488";"18-05-2020 13:57:39";"7000014727";"261-6538425";"9825028883";" 3100007775";"RO-SRT";"Y";
"G26366";"Private Ltd";"PARTH ORNAMENTS PVT.LTD";"E000";"6159526";"20051066898913";"10-05-2020 14:26:31";"7000014981";"0261-2559195";"9825265983";" 3100007614";"RO-SRT";"Y";
"G29873";"Partnership";"DHRUV DIAMOND";"E000";"1888655";"20051166916590";"11-05-2020 11:09:50";"7000005981";"261-2609231";"9879079788";" 3100007612";"RO-SRT";"N";
"G25638";"Partnership";"R R JEWELLERS";"E000";"233424";"20051166919256";"11-05-2020 11:58:25";"7000012302";"261-2230041";"9374110062";" 3100007619";"RO-SRT";"Y";
"G27800";"Partnership";"twara diam";"E000";"2923069";"20051166934189";"2020-05-11";"7000005852";"261-2565840";"9374012165";" 3100007716";"RO-SRT";"N";
"G19868";"Partnership";"ABHISHEK ZAVERI";"E000";"8469083";"20051166936707";"11-05-2020 18:07:11";"7000016831";"261-26561040";"9824163672";" 3100007621";"RO-SRT";"N";
"G26509";"Partnership";"KALASSH JEWELS";"E000";"5836054";"";"2020-05-13";"7000000016";"261-2609893";"9016287988";" 3100007680";"RO-SRT";"Y";
"G25700";"Proprietory";"VIKRAMDEEP IMPEX";"E000";"3731459";"20051266956584";"12-05-2020 12:08:13";"7000012493";"261-2501081";"9374237422";" 3100007624";"RO-SRT";"N";
"G30196";"Partnership";"C M D EXPORTS";"E000";"4544486";"20051967195711";"19-05-2020 13:11:30";"7000007146";"";"9374046535";" 3100007776";"RO-SRT";"N";
"G15821";"Private Ltd";"SHASHVAT JEWELS PRIVATE LIMITED";"E000";"6244704";"20051266970846";"2020-05-12";"7000015411";"261-2422238";"9376940164";" 3100007692";"RO-SRT";"N";
"G23722";"Private Ltd";"D\'SOFT INFOTECH PVT.LTD.";"E000";"7882156";"20051366990523";"2020-05-13 10:30:27.0";"7000017380";"261-2224374";"9825079713";" 3100007650";"RO-SRT";"N";
"";"Partnership";"GREENLAB DIAMONDS LLP";"E000";"2874613";"20051366990598";"13-05-2020 10:33:16";"7000039496";"0";"7434061026";" 3100007648";"RO-SRT";"N";
"G24092";"Proprietory";"RADHIKA EXPORTS";"E000";"6151522";"20051366997468";"13-05-2020 12:14:20";"7000008769";"261-232181";"9429198981";" 3100007653";"RO-SRT";"N";
"G24340";"Private Ltd";"LEMON TECHNOMIST PVT. LTD.";"E000";"6112965";"ICL0051366998669";"2020-05-14";"7000009093";"261-2635548";"9824251123";" 3100007708";"RO-SRT";"Y";
"";"Proprietory";"SAMRUDDHI BULLION GEMS AND JEWELLERY";"E000";"2733299";"20051367006792";"13-05-2020 15:35:52";"7000038428";"07922140325";"9974197777";" 3100007649";"RO-SRT";"Y";
"";"Proprietory";"HARI IMPEX";"E000";"178982";"20051367007780";"13-05-2020 16:03:03";"7000049710";"0";"9825496373";" 3100007736";"RO-SRT";"Y";
"";"Partnership";"SHREE HARI KRUPA JEWEL";"E000";"5669827";"20051467032660";"14-05-2020 13:02:02";"7000035640";"02612537750";"9953674105";" 3100007688";"RO-SRT";"N";
"G27131";"Partnership";"DHAKAN JEWELLERS";"E000";"1600871";"20051367013842";"13-05-2020 19:03:15";"7000003070";"261-2235577";"9824202561";" 3100007709";"RO-SRT";"N";
"G29691";"Partnership";"DHARM DIAMOND";"E000";"9998614";"20051467024827";"14-05-2020 10:48:00";"7000004976";"";"9879363202";" 3100007690";"RO-SRT";"Y";
"";"Proprietory";"PRATIK ORNATE HOUSE";"E000";"2286334";"20051467034373";"14-05-2020 13:32:25";"7000047523";"0";"9687553552";" 3100007689";"RO-SRT";"Y";
"G17248";"Partnership";"SU-DEV JEWELS";"E000";"5881092";"20051467038411";"14-05-2020 14:52:44";"7000015901";"261-26464737";"9824036635";" 3100007691";"RO-SRT";"N";
"";"Partnership";"VIKAS ENTERPRISE";"E000";"7886147";"20051467047798";"14-05-2020 19:09:02";"7000044320";"9374712532";"9374712532";" 3100007703";"RO-SRT";"N";
"G25611";"Private Ltd";"SEQUEL LOGISTICS PVT. LTD.";"E000";"9187154";"";"2020-05-16";"7000012249";"261-26409790";"9824028021";" 3100007856";"RO-SRT";"N";
"G25598";"Private Ltd";"ANJAIYA JEWELLERY PRIVATE LIMITED";"E000";"4947853";"20051667117034";"16-05-2020 21:34:53";"7000012211";"261-22110730";"9825376926";" 3100007782";"RO-SRT";"N";
"G24707";"Partnership";"SOLANKI MECHANIC WORKS";"E000";"9299150";"20051867151860";"2020-05-19 12:30:10.0";"7000010187";"261-2362189";"9825211165";" 3100007858";"RO-SRT";"N";
"G26375";"Proprietory";"SMILE IMPEX";"E000";"8638192";"20051967196240";"19-05-2020 13:23:08";"7000015000";"";"09819884701";" 3100007781";"RO-SRT";"N";
"G24269";"Proprietory";"V.M. ORNAMENTS";"E000";"7684701";"20051867154658";"18-05-2020 12:48:20";"7000008856";"";"9327006146";" 3100007784";"RO-SRT";"N";
"G23584";"Proprietory";"AMIT INDUSTRIES";"E000";"6275274";"20052067234115";"20-05-2020 18:54:59";"7000017342";"261-2462172";"9824041876";" 3100007853";"RO-SRT";"N";
"G30833";"Partnership";"Dhairya creation";"E000";"3994835";"20051967189545";"19-05-2020 10:56:03";"7000012189";"";"9723471922";" 3100007777";"RO-SRT";"N";
"";"Proprietory";"SAMARTH DIAM";"E000";"9147162";"20052367315673";"23-05-2020 14:08:35";"7000037994";"02612539300";"9726973767";"";"RO-SRT";"N";
"G28252";"Proprietory";"SRI RISHABH DIAMONDS";"E000";"1575040";"20051967190702";"19-05-2020 11:23:35";"7000007372";"";"9537290374";" 3100007779";"RO-SRT";"N";
"G28249";"Private Ltd";"Krishnaraj jewels PVT.LTD.";"E000";"3552950";"20051967192767";"2020-05-19 12:06:35.0";"7000007350";"261-22143270";"9374777334";" 3100007780";"RO-SRT";"N";
"G24958";"Private Ltd";"ABDHI JEWELS PRIVATE LIMITED";"E000";"3271842";"20051967194122";"19-05-2020 12:39:35";"7000011089";"261-26583171";"9825486049";" 3100007787";"RO-SRT";"N";
"G23239";"Partnership";"ASHOKKUMAR NAVINCHANDRA & CO.";"E000";"6880132";"20051967194133";"19-05-2020 12:42:03";"7000017070";"261-2233646";"9374143331";" 3100007783";"RO-SRT";"Y";
"G16889";"Proprietory";"SONI BACHUBHAI JIVABHAI";"E000";"1610159";"20051967196693";"19-05-2020 13:34:52";"7000015751";"261-26431378";"9712967700";" 3100007786";"RO-SRT";"N";
"G29995";"Partnership";"Dharma Jewels";"E000";"998992";"20051967197430";"19-05-2020 14:07:57";"7000006382";"261-2486333";"9867026985";" 3100007778";"RO-SRT";"N";
"G30780";"Partnership";"BACHUBHAI ZAVERI";"E000";"6007082";"20051967199179";"19-05-2020 14:38:14";"7000011831";"261-26431378";"9712967700";" 3100007860";"RO-SRT";"N";
"";"Private Ltd";"DARPAN JEWELS PVT. LTD.";"E000";"3890801";"20051967201373";"19-05-2020 15:51:42";"7000037850";"07926402622";"9879556057";" 3100007852";"RO-SRT";"N";
"G14459";"Partnership";"RUSHABH INTERNATIONAL";"E000";"3613739";"20052067219707";"20-05-2020 12:22:46";"7000012929";"261-23620438";"9375921570";" 3100007859";"RO-SRT";"N";
"G13158";"Proprietory";"R.M. JEWELLERS";"E000";"1187268";"20052067217573";"2020-05-20 11:38:10.0";"7000011498";"261-26460670";"9825068481";" 3100007850";"RO-SRT";"N";
"G25368";"Private Ltd";"SUVARNA SHILPI JEWELLERS PVT. LTD.";"E000";"6658872";"20052067218330";"2020-05-20 11:54:09.0";"7000011532";"261-26460473";"9824482824";" 3100007845";"RO-SRT";"N";
"G01026";"Private Ltd";"ANJALEE JEWELLERS (INDIA) PVT. LTD.";"E000";"2511971";"20052067218730";"20-05-2020 12:12:57";"7000017581";"261-26564791";"9825041273";" 3100007849";"RO-SRT";"N";
"";"Partnership";"JewelTech";"E000";"277191";"20052067220958";"20-05-2020 12:49:11";"7000026312";"07940039166";"9909933366";" 3100007847";"RO-SRT";"N";
"G30736";"Proprietory";"KAUSTUBH GEMS";"E000";"222469";"20052067221648";"20-05-2020 13:06:17";"7000011515";"";"8141813695";" 3100007848";"RO-SRT";"N";
"G31029";"Partnership";"Bansi Jewellers";"E000";"5635419";"20052067222070";"20-05-2020 13:15:34";"7000012397";"261-2291731";"9825125916";" 3100007854";"RO-SRT";"N";
"";"Partnership";"GAURAV JEWELLERS";"E000";"4081527";"20052167247443";"21-05-2020 12:01:02";"7000046185";"2553156";"9898303051";" 3100007855";"RO-SRT";"N";
"G26878";"Proprietory";"AADEY JEWELS";"E000";"9834734";"20052167248884";"21-05-2020 12:22:22";"7000001940";"261-26408981";"9428733631";" 3100007851";"RO-SRT";"N";
"G28124";"Private Ltd";"Aadey Jewels PRIVATE LIMITED";"E000";"8591127";"20052167249621";"21-05-2020 12:38:23";"7000007102";"261-26408981";"8905354511";" 3100007857";"RO-SRT";"N";
"G28858";"Partnership";"darpan jewels (gujarat) llp";"E000";"284078";"20052267289459";"22-05-2020 15:23:42";"7000002100";"";"9879556057";" 3100007869";"RO-SRT";"N";
"";"Partnership";"HANS SHINE JEWEL";"E000";"6855860";"20052267276391";"22-05-2020 11:23:14";"7000037567";"9327880000";"9427858866";" 3100007861";"RO-SRT";"N";
"G12447";"Proprietory";"shilpa lifestyle";"E000";"2186473";"20052267276920";"22-05-2020 11:30:04";"7000010674";"261-2220093";"9687740000";" 3100007862";"RO-SRT";"N";
"";"Private Ltd";"SHREEJI ORNAMENTS PVT. LTD. ";"E000";"2799126";"20052267281467";"22-05-2020 12:43:45";"7000047657";"02812225988";"9825660606";" 3100007867";"RO-SRT";"N";
"";"Proprietory";"UNIVERSAL DIAMOND TOOLS";"E000";"668033";"20052267286870";"22-05-2020 14:36:35";"7000047186";"0281225303";"9974011430";" 3100007866";"RO-SRT";"N";
"G27758";"Partnership";"DHARMAJ TECHNOLOGIES";"E000";"497449";"20052267287905";"22-05-2020 15:01:59";"7000005774";"261-2547373";"9979957373";" 3100007868";"RO-SRT";"N";
"";"Partnership";"NEETI JEWELLS";"E000";"8089961";"20052367305111";"23-05-2020 09:15:56";"";"02612481102";"9725011902";"";"RO-SRT";"N";
"G26662";"Proprietory";"CHANDAN JEWELLERS";"E000";"7104412";"20052367306469";"23-05-2020 10:08:04";"7000000884";"261-2527070";"9824036612";"";"RO-SRT";"N";
"G24843";"Proprietory";"VIPUL H. GOPANI";"E000";"5083619";"20052367306940";"23-05-2020 10:22:14";"7000010766";"261-22200053";"9825603309";"";"RO-SRT";"N";
"G27410";"Partnership";"LABH IMPEX ";"E000";"9489895";"20052367308635";"23-05-2020 11:09:49";"7000004571";"261-2530557";"9924751365";"";"RO-SRT";"N";
"G30868";"Partnership";"VIPULDIAM";"E000";"9285111";"20052367308660";"23-05-2020 11:08:47";"7000010364";"22200053";"9825009171";"";"RO-SRT";"N";
"G25382";"Partnership";"GURUKRUPA EXPORTS";"E000";"5932324";"20052367308703";"23-05-2020 11:12:34";"7000011565";"261-2548581";"9327215577";"";"RO-SRT";"N";
"G28370";"Partnership";"dhani jewels";"E000";"7152456";"20052367309715";"23-05-2020 11:33:54";"7000007933";"261-2560666";"9726100666";"";"RO-SRT";"N";
"G16399";"Proprietory";"SHRUNGAR JEWELLERS";"E000";"902102";"20052367309621";"23-05-2020 11:29:14";"7000015601";"261-26467942";"9824065871";"";"RO-SRT";"N";
"G26473";"Proprietory";"VIPUL GEMS";"E000";"84893";"20052367310393";"23-05-2020 11:48:35";"7000015203";"261-27552632";"9825009171";"";"RO-SRT";"N";
"G15939";"Proprietory";"SHIV DIAMOND";"E000";"117632";"20052367320469";"23-05-2020 16:09:32";"7000015462";"261-2450608";"9825134720";"";"RO-SRT";"N";
"";"Partnership";"AYAN IMPEX";"E000";"4738085";"20052667374185";"26-05-2020 10:36:47";"7000047181";"9824961830";"9824961830";"";"RO-SRT";"N";
"G02176";"Partnership";"BHAJAN JEWEL";"E000";"1744091";"20052567350428";"25-05-2020 11:24:39";"7000014469";"261-2538899";"9879511899";"";"RO-SRT";"N";
"G25328";"Partnership";"PACHCHIGAR JEWELLERS";"E000";"4140860";"20052567350618";"25-05-2020 11:29:26";"7000011420";"261-2650390";"9925023554";"";"RO-SRT";"N";
"G25908";"Proprietory";"PREMIL GEMS";"E000";"1939925";"20052567351413";"25-05-2020 11:52:35";"7000013172";"261-2609404";"9825121321";"";"RO-SRT";"N";
"";"Proprietory";"SHREE SHYAM DIAMONDS";"E000";"778056";"20052567360244";"25-05-2020 16:20:37";"7000048237";"02612212211";"9825331245";"";"RO-SRT";"N";
"";"Proprietory";"M.R.PARMAR";"E000";"4449900";"20052667376653";"26-05-2020 11:25:02";"7000047350";"02812233609";"9375723596";"";"RO-SRT";"N";
"";"Partnership";"RICHA GEMS";"E000";"9637932";"20052667377485";"26-05-2020 11:39:47";"7000049017";"02612532554";"9825372458";"";"RO-SRT";"N";
"G30383";"Partnership";"L B diamond";"E000";"5545552";"20052667379368";"26-05-2020 12:17:47";"7000008287";"261-26278950";"9737321569";"";"RO-SRT";"N";
"G29410";"Proprietory";"DIAMAX";"E000";"9703496";"20052667381123";"26-05-2020 12:49:11";"7000003682";"";"9825217325";"";"RO-SRT";"N";
